text,image,status,posted_at,scheduled_time
"2025 is the year of digital products. Stop trading time for money. Build once, sell forever ğŸ’°",,pending,,
"Most people work 40 hours/week for one paycheck. Digital products work 24/7 for unlimited income ğŸ”„",,pending,,
"The best business model: Create it once. Sell it infinitely. No inventory. No shipping. Pure profit ğŸ“ˆ",,pending,,
"While you sleep, digital products are making sales. That's the difference ğŸ’¤",,pending,,
"Your 9-5 has a ceiling. Digital products don't. Choose wisely ğŸ¯",,pending,,
"Stop gatekeeping your knowledge. Package it. Sell it. Scale it ğŸš€",,pending,,
"You don't need a massive audience. You need the RIGHT audience. Building mine now ğŸ‘¥",,pending,,
"Digital products in 2025: PDFs, templates, scripts, guides, courses. Pick one and start ğŸ“¦",,pending,,
"The blueprint: Build â†’ Package â†’ Market â†’ Scale. Coming soon to this page ğŸ—ºï¸",,pending,,
"Behind the scenes: Setting up my entire digital product ecosystem. Stay tuned ğŸ› ï¸",,pending,,
"If you're not building digital products in 2025, you're leaving money on the table ğŸ’¸",,pending,,
"Physical products = hassle. Digital products = freedom. That's why I switched ğŸ”‘",,pending,,
"Your expertise is worth money. Stop giving it away for free. Monetize it ğŸ’¡",,pending,,
"Building in public: My journey from freelancer to digital product creator ğŸ§µ",,pending,,
"2025 goal: Replace my income with digital products. Who's with me? ğŸ™‹",,pending,,
"You don't need to be perfect. You need to START. Launch messy, improve later âš¡",,pending,,
"Digital products are the new real estate. Passive income that compounds over time ğŸ ",,pending,,
"Stop consuming. Start creating. Your audience is waiting for what you know ğŸ“¢",,pending,,
"The automation revolution is here. Either automate or get left behind ğŸ¤–",,pending,,
"Big announcement coming soon. Building something special for you all ğŸ‘€",,pending,,
"Why digital products? $0 overhead. Infinite scalability. Location freedom ğŸŒ",,pending,,
"Your calendar shouldn't control your income. Let digital products work while you live â°",,pending,,
"Most people overcomplicate it. Pick ONE thing. Package it. Sell it. Repeat ğŸ”",,pending,,
"Behind every successful digital product is someone who just started. Be that person ğŸ’ª",,pending,,
"The market doesn't care about perfect. It cares about solutions. What problem can you solve? ğŸ¯",,pending,,
"I'm building a vault of digital solutions. Product drop coming soon ğŸ“¦",,pending,,
"2025 prediction: Digital products will create more millionaires than any other business model ğŸ’µ",,pending,,
"Your knowledge + the right packaging = a digital product empire ğŸ‘‘",,pending,,
"Stop waiting for the perfect moment. The perfect moment is NOW. Start building ğŸ—ï¸",,pending,,
"Digital Vault Warehouse: Where automation meets opportunity. Coming soon ğŸ”",,pending,,
"The difference between $50K and $500K? Digital products that scale ğŸ“Š",,pending,,
"You already have everything you need to start. Ideas, knowledge, internet. Go ğŸš€",,pending,,
"Building something big. Loading... 90% complete ğŸ“ˆ",,pending,,
"Your next income stream is one digital product away. What are you waiting for? â³",,pending,,
"Real talk: I'm tired of trading time for money. Digital products are the exit plan ğŸª",,pending,,
"Automation tools. Business solutions. Digital freedom. All coming to one place ğŸª",,pending,,
"The vault is almost ready. Something special dropping soon ğŸ”“",,pending,,
"If you're not thinking digital products in 2025, you're thinking too small ğŸ§ ",,pending,,
"Passive income isn't passive. It's smart work once, then automated forever â™¾ï¸",,pending,,
"Getting ready to drop my first digital product line. Who's ready? ğŸ‰",,pending,,
